baseline,S1,S2,S12,S15,S16,S14
741172.9717338312,1031835.9560951407,1060343.739515204,1069939.7585758495,1067984.6071722314,1068086.0864547146,1075109.768178077
1113970.5273243084,1399559.927917756,1436645.199731629,1438797.4111866956,1429581.211936751,1428453.485326326,1439159.8191418443
752116.9226089725,1040556.333332231,1094862.8363556585,1097817.299488121,1100513.4852839368,1099589.6931694772,1105605.6311005207
724054.9317812708,1049272.6904393586,1096788.1169315774,1113304.925549026,1108364.2650947906,1110578.256234718,1114085.444767327
876573.3402956057,1140126.9246209222,1190076.228307927,1198444.1467228301,1199081.398169926,1198537.8738156697,1199418.987996817
