baseline,S1,S2,S12,S15,S14
604709.0219214555,923185.0524914359,972671.1571301407,994747.0885962516,992422.6466346576,1001066.7542284663
1039045.2854372322,1250802.8858424881,1299967.621937726,1304313.109824043,1303343.05490983,1312493.404029973
607520.4531291438,990407.367783804,1020416.0691724739,1034475.2721353715,1034102.5722003288,1043496.9075221623
